epoch,Train classes accuracy,Train classes precision,Train classes recall,Validation classes accuracy,Validation classes precision,Validation classes recall,Train confidence accuracy,Train confidence precision,Train confidence recall,Validation confidence accuracy,Validation confidence precision,Validation confidence recall,Validation confidence loss,Validation bounding box loss,Validation classes loss,Validation bounding box iou,Train confidence loss,Train bounding box loss,Train classes loss,Train bounding box iou
0,0.07538691962056915,0.12515540820555326,0.15936675461741426,0.07701492537313433,0.12977867203219315,0.15925925925925927,0.2878346323280244,0.44700557836017263,0.44700557836017263,0.286321155480034,0.44517833553500663,0.44517833553500663,3.8308904218673705,1.5264512691043672,2.415233617055984,0.0009553015547239088,3.791712511016662,1.5401783219302994,2.3985021229249885,0.0010317128787381035
1,0.0821917808219178,0.13586291309669524,0.17222653219550038,0.08154761904761905,0.13418217433888344,0.1721105527638191,0.30209544050742204,0.4640142820709003,0.4640142820709003,0.2985971943887776,0.45987654320987653,0.45987654320987653,3.057233719371614,1.4534900676636469,2.366599141983759,0.0017889748463251938,2.9333329071481544,1.4760824082845665,2.352086170610175,0.0016881078551803906
2,0.08408481598830124,0.14087382605144957,0.17258629314657328,0.07380073800738007,0.12435233160621761,0.15364916773367476,0.3021649621463674,0.46409628722970214,0.46409628722970214,0.3,0.46153846153846156,0.46153846153846156,2.9087399369194396,1.4287506210236323,2.3810415077209472,0.0020681271864755432,2.7474739415099823,1.4451667903417564,2.353017519755536,0.001932940030672464
